{
    "avg_prec": 0.9691954344613476,
    "roc_auc": 0.9773633594086906
}